<?xml version="1.0" encoding="UTF-8"?>
<project-private xmlns="http://www.netbeans.org/ns/project-private/1">
    <editor-bookmarks xmlns="http://www.netbeans.org/ns/editor-bookmarks/2" lastBookmarkId="0"/>
    <open-files xmlns="http://www.netbeans.org/ns/projectui-open-files/2">
        <group>
            <file>file:/C:/Users/USER/Desktop/UGC0223038/cosmeticsmanagementsystem/src/GUI/Customerdashboard.java</file>
            <file>file:/C:/Users/USER/Desktop/UGC0223038/cosmeticsmanagementsystem/src/GUI/Home.java</file>
            <file>file:/C:/Users/USER/Desktop/UGC0223038/cosmeticsmanagementsystem/src/GUI/Managerdashboard.java</file>
            <file>file:/C:/Users/USER/Desktop/UGC0223038/cosmeticsmanagementsystem/src/GUI/Employeedashboard.java</file>
            <file>file:/C:/Users/USER/Desktop/UGC0223038/cosmeticsmanagementsystem/src/GUI/Review.java</file>
            <file>file:/C:/Users/USER/Desktop/UGC0223038/cosmeticsmanagementsystem/src/GUI/CustomerRegistration.java</file>
        </group>
    </open-files>
</project-private>
